{
    "lqr-approx/inf_mean": 0.0015617651196580438,
    "lqr-approx/mauc_mean": 17.294485277879723,
    "lqr-approx/tracking_error_mean": 2.001940067805738,
    "lqr-approx/control_effort_mean": 5.464745520544199
}