{
    "lqr-approx/inf_mean": 0.0014369890318444028,
    "lqr-approx/mauc_mean": 10.834288819256617,
    "lqr-approx/tracking_error_mean": 1.19697913645799,
    "lqr-approx/control_effort_mean": 5.431937483182301
}