{
    "lqr-approx/inf_mean": 1.9308541808730147e-06,
    "lqr-approx/mauc_mean": 1.1110943332994039,
    "lqr-approx/tracking_error_mean": 0.11368401921501181,
    "lqr-approx/control_effort_mean": 0.6631456999107065
}