{
    "lqr-approx/inf_mean": 5.816160496136111e-05,
    "lqr-approx/mauc_mean": 2.844498742911488,
    "lqr-approx/tracking_error_mean": 0.22446429658189904,
    "lqr-approx/control_effort_mean": 0.6333918997643541
}