{
    "lqr-approx/inf_mean": 1.2017359271064652e-05,
    "lqr-approx/mauc_mean": 3.5927424210486607,
    "lqr-approx/tracking_error_mean": 0.2623693181771018,
    "lqr-approx/control_effort_mean": 0.5900638351380441
}