{
    "sd-lqr-approx/inf_mean": 1.071545850810187e-05,
    "sd-lqr-approx/mauc_mean": 2.406636904904777,
    "sd-lqr-approx/tracking_error_mean": 0.24631052245412569,
    "sd-lqr-approx/control_effort_mean": 1.1726705525489607
}