{
    "lqr-approx/inf_mean": 0.001309607160750346,
    "lqr-approx/mauc_mean": 2.9232474126312895,
    "lqr-approx/tracking_error_mean": 0.49838346727958305,
    "lqr-approx/control_effort_mean": 1.0193206635843666
}