{
    "lqr-approx/inf_mean": 0.001222339706804285,
    "lqr-approx/mauc_mean": 17.504649400984604,
    "lqr-approx/tracking_error_mean": 3.1072631022532478,
    "lqr-approx/control_effort_mean": 11.666763251825222
}