{
    "lqr-approx/inf_mean": 0.001377228588315111,
    "lqr-approx/mauc_mean": 10.139548395094067,
    "lqr-approx/tracking_error_mean": 1.689441236650462,
    "lqr-approx/control_effort_mean": 4.957914536611246
}