{
    "lqr-approx/inf_mean": 1.3176461029418833e-05,
    "lqr-approx/mauc_mean": 0.5140717758539363,
    "lqr-approx/tracking_error_mean": 0.042540714593896536,
    "lqr-approx/control_effort_mean": 0.04181559651926579
}