{
    "lqr-approx/inf_mean": 5.6426217029627225e-05,
    "lqr-approx/mauc_mean": 1.0885531274842428,
    "lqr-approx/tracking_error_mean": 0.2552939743624864,
    "lqr-approx/control_effort_mean": 2.7475429586322924
}