{
    "lqr-approx/inf_mean": 7.338617003706534e-06,
    "lqr-approx/mauc_mean": 7.382560088013733,
    "lqr-approx/tracking_error_mean": 1.317350761131931,
    "lqr-approx/control_effort_mean": 5.683200642328
}