{
    "sd-lqr-approx/inf_mean": 0.0005871482350718436,
    "sd-lqr-approx/mauc_mean": 2.739044710287917,
    "sd-lqr-approx/tracking_error_mean": 0.47726216701034263,
    "sd-lqr-approx/control_effort_mean": 1.031826994622231
}