{
    "lqr-approx/inf_mean": 0.0023214125034198094,
    "lqr-approx/mauc_mean": 5.816998794898966,
    "lqr-approx/tracking_error_mean": 0.8690867108605673,
    "lqr-approx/control_effort_mean": 2.3392284989927057
}