{
    "lqr-approx/inf_mean": 0.0021719447572027617,
    "lqr-approx/mauc_mean": 6.483958116742369,
    "lqr-approx/tracking_error_mean": 0.983362536004927,
    "lqr-approx/control_effort_mean": 2.9793206904544833
}