{
    "lqr-approx/inf_mean": 3.6957412181575747e-06,
    "lqr-approx/mauc_mean": 1.4145582241019667,
    "lqr-approx/tracking_error_mean": 0.2167704353944932,
    "lqr-approx/control_effort_mean": 0.5753541961258994
}