{
    "lqr-approx/inf_mean": 0.00021120737601828185,
    "lqr-approx/mauc_mean": 0.9946531595516407,
    "lqr-approx/tracking_error_mean": 0.13901832400679245,
    "lqr-approx/control_effort_mean": 0.09680309166692572
}