{
    "lqr-approx/inf_mean": 7.021841054353302e-05,
    "lqr-approx/mauc_mean": 1.018803354911996,
    "lqr-approx/tracking_error_mean": 0.13387076467715853,
    "lqr-approx/control_effort_mean": 0.09825751706921441
}