{
    "sd-lqr-approx/inf_mean": 0.0007649500286159804,
    "sd-lqr-approx/mauc_mean": 5.2705677169616765,
    "sd-lqr-approx/tracking_error_mean": 0.8064297097840759,
    "sd-lqr-approx/control_effort_mean": 2.6161577858478844
}