{
    "sd-lqr-approx/inf_mean": 7.645835389823456e-05,
    "sd-lqr-approx/mauc_mean": 0.8946239254392404,
    "sd-lqr-approx/tracking_error_mean": 0.168362233033821,
    "sd-lqr-approx/control_effort_mean": 0.10954263611123252
}