{
    "lqr-approx/inf_mean": 0.0016664849840333437,
    "lqr-approx/mauc_mean": 5.796018750397357,
    "lqr-approx/tracking_error_mean": 1.463161939451369,
    "lqr-approx/control_effort_mean": 15.91317633605642
}