{
    "lqr-approx/inf_mean": 0.001649349498084054,
    "lqr-approx/mauc_mean": 6.223732435043909,
    "lqr-approx/tracking_error_mean": 1.417051074183605,
    "lqr-approx/control_effort_mean": 15.044315049407635
}