{
    "lqr-approx/inf_mean": 0.001596827500545042,
    "lqr-approx/mauc_mean": 5.7163387939341535,
    "lqr-approx/tracking_error_mean": 1.4390406479388171,
    "lqr-approx/control_effort_mean": 20.895074893132804
}