{
    "lqr-approx/inf_mean": 0.00014500121686183303,
    "lqr-approx/mauc_mean": 1.8897555249688394,
    "lqr-approx/tracking_error_mean": 0.27845559318066737,
    "lqr-approx/control_effort_mean": 1.1561746173894694
}