{
    "lqr-approx/inf_mean": 3.9419726907825934e-05,
    "lqr-approx/mauc_mean": 2.507775762691594,
    "lqr-approx/tracking_error_mean": 0.2455385094907256,
    "lqr-approx/control_effort_mean": 0.6115321749822038
}